id,collected_at,rate_date,bank,period_key,period_label,rate,source_url
1045,2026-06-23T09:55:40.215541,2026-06-23,Danske Bank,1_ar,1 år,3.39,https://www.finansportalen.se/bolan/
1046,2026-06-23T09:55:40.216868,2026-06-23,Danske Bank,2_ar,2 år,3.56,https://www.finansportalen.se/bolan/
1047,2026-06-23T09:55:37.425481,2026-06-23,Danske Bank,3_ar,3 år,3.18,https://www.compricer.se/bolan/
1044,2026-06-23T09:55:40.214326,2026-06-23,Danske Bank,3_man,3 månader,3.84,https://www.finansportalen.se/bolan/
1048,2026-06-23T09:55:37.426775,2026-06-23,Danske Bank,5_ar,5 år,3.03,https://www.compricer.se/bolan/
1078,2026-06-23T09:55:40.223077,2026-06-23,Handelsbanken,1_ar,1 år,3.64,https://www.finansportalen.se/bolan/
1079,2026-06-23T09:55:40.224231,2026-06-23,Handelsbanken,2_ar,2 år,3.74,https://www.finansportalen.se/bolan/
1077,2026-06-23T09:55:40.221927,2026-06-23,Handelsbanken,3_man,3 månader,3.94,https://www.finansportalen.se/bolan/
1053,2026-06-23T09:55:40.203705,2026-06-23,Hypoteket,1_ar,1 år,3.69,https://www.finansportalen.se/bolan/
1054,2026-06-23T09:55:40.204915,2026-06-23,Hypoteket,2_ar,2 år,3.85,https://www.finansportalen.se/bolan/
1052,2026-06-23T09:55:40.202513,2026-06-23,Hypoteket,3_man,3 månader,3.31,https://www.finansportalen.se/bolan/
1055,2026-06-23T09:55:37.435877,2026-06-23,Hypoteket,5_ar,5 år,3.93,https://www.compricer.se/bolan/
1050,2026-06-23T09:55:40.207347,2026-06-23,ICA Banken,1_ar,1 år,3.9,https://www.finansportalen.se/bolan/
1051,2026-06-23T09:55:40.208543,2026-06-23,ICA Banken,2_ar,2 år,4.15,https://www.finansportalen.se/bolan/
1049,2026-06-23T09:55:40.206165,2026-06-23,ICA Banken,3_man,3 månader,3.48,https://www.finansportalen.se/bolan/
1084,2026-06-23T09:55:40.230449,2026-06-23,Länsförsäkringar,1_ar,1 år,3.59,https://www.finansportalen.se/bolan/
1085,2026-06-23T09:55:40.231761,2026-06-23,Länsförsäkringar,2_ar,2 år,3.69,https://www.finansportalen.se/bolan/
1083,2026-06-23T09:55:40.229160,2026-06-23,Länsförsäkringar,3_man,3 månader,3.94,https://www.finansportalen.se/bolan/
1060,2026-06-23T09:55:40.200149,2026-06-23,SBAB,1_ar,1 år,3.47,https://www.finansportalen.se/bolan/
1061,2026-06-23T09:55:40.201333,2026-06-23,SBAB,2_ar,2 år,3.64,https://www.finansportalen.se/bolan/
1059,2026-06-23T09:55:40.198842,2026-06-23,SBAB,3_man,3 månader,3.15,https://www.finansportalen.se/bolan/
1081,2026-06-23T09:55:40.226786,2026-06-23,SEB,1_ar,1 år,3.54,https://www.finansportalen.se/bolan/
1082,2026-06-23T09:55:40.227981,2026-06-23,SEB,2_ar,2 år,3.69,https://www.finansportalen.se/bolan/
1080,2026-06-23T09:55:40.225431,2026-06-23,SEB,3_man,3 månader,3.94,https://www.finansportalen.se/bolan/
1035,2026-06-23T09:55:40.210956,2026-06-23,Skandia,1_ar,1 år,3.83,https://www.finansportalen.se/bolan/
1036,2026-06-23T09:55:40.212226,2026-06-23,Skandia,2_ar,2 år,4.02,https://www.finansportalen.se/bolan/
1037,2026-06-23T09:55:37.411447,2026-06-23,Skandia,3_ar,3 år,3.42,https://www.compricer.se/bolan/
1034,2026-06-23T09:55:40.209761,2026-06-23,Skandia,3_man,3 månader,3.55,https://www.finansportalen.se/bolan/
1038,2026-06-23T09:55:37.412830,2026-06-23,Skandia,5_ar,5 år,3.64,https://www.compricer.se/bolan/
1040,2026-06-23T09:55:40.195850,2026-06-23,Stabelo,1_ar,1 år,2.98,https://www.finansportalen.se/bolan/
1041,2026-06-23T09:55:40.197342,2026-06-23,Stabelo,2_ar,2 år,3.22,https://www.finansportalen.se/bolan/
1042,2026-06-23T09:55:37.418619,2026-06-23,Stabelo,3_ar,3 år,3.34,https://www.compricer.se/bolan/
1039,2026-06-23T09:55:40.193752,2026-06-23,Stabelo,3_man,3 månader,2.66,https://www.finansportalen.se/bolan/
1043,2026-06-23T09:55:37.420113,2026-06-23,Stabelo,5_ar,5 år,3.49,https://www.compricer.se/bolan/
1075,2026-06-23T09:55:40.219400,2026-06-23,Swedbank,1_ar,1 år,3.49,https://www.finansportalen.se/bolan/
1076,2026-06-23T09:55:40.220745,2026-06-23,Swedbank,2_ar,2 år,3.64,https://www.finansportalen.se/bolan/
1074,2026-06-23T09:55:40.218187,2026-06-23,Swedbank,3_man,3 månader,3.89,https://www.finansportalen.se/bolan/
941,2026-06-22T12:17:16.397046,2026-06-22,Danske Bank,1_ar,1 år,3.39,https://www.finansportalen.se/bolan/
942,2026-06-22T12:17:16.398411,2026-06-22,Danske Bank,2_ar,2 år,3.56,https://www.finansportalen.se/bolan/
943,2026-06-22T12:17:13.683516,2026-06-22,Danske Bank,3_ar,3 år,3.18,https://www.compricer.se/bolan/
940,2026-06-22T12:17:16.395591,2026-06-22,Danske Bank,3_man,3 månader,3.84,https://www.finansportalen.se/bolan/
944,2026-06-22T12:17:13.684999,2026-06-22,Danske Bank,5_ar,5 år,3.03,https://www.compricer.se/bolan/
974,2026-06-22T12:17:16.405736,2026-06-22,Handelsbanken,1_ar,1 år,3.64,https://www.finansportalen.se/bolan/
975,2026-06-22T12:17:16.407136,2026-06-22,Handelsbanken,2_ar,2 år,3.74,https://www.finansportalen.se/bolan/
973,2026-06-22T12:17:16.404343,2026-06-22,Handelsbanken,3_man,3 månader,3.94,https://www.finansportalen.se/bolan/
949,2026-06-22T12:17:16.383033,2026-06-22,Hypoteket,1_ar,1 år,3.69,https://www.finansportalen.se/bolan/
950,2026-06-22T12:17:16.384443,2026-06-22,Hypoteket,2_ar,2 år,3.85,https://www.finansportalen.se/bolan/
948,2026-06-22T12:17:16.381615,2026-06-22,Hypoteket,3_man,3 månader,3.31,https://www.finansportalen.se/bolan/
951,2026-06-22T12:17:13.695137,2026-06-22,Hypoteket,5_ar,5 år,3.93,https://www.compricer.se/bolan/
946,2026-06-22T12:17:16.388544,2026-06-22,ICA Banken,1_ar,1 år,3.9,https://www.finansportalen.se/bolan/
947,2026-06-22T12:17:16.389985,2026-06-22,ICA Banken,2_ar,2 år,4.15,https://www.finansportalen.se/bolan/
945,2026-06-22T12:17:16.387141,2026-06-22,ICA Banken,3_man,3 månader,3.48,https://www.finansportalen.se/bolan/
980,2026-06-22T12:17:16.414958,2026-06-22,Länsförsäkringar,1_ar,1 år,3.59,https://www.finansportalen.se/bolan/
981,2026-06-22T12:17:16.416336,2026-06-22,Länsförsäkringar,2_ar,2 år,3.69,https://www.finansportalen.se/bolan/
979,2026-06-22T12:17:16.413570,2026-06-22,Länsförsäkringar,3_man,3 månader,3.94,https://www.finansportalen.se/bolan/
956,2026-06-22T12:17:16.378672,2026-06-22,SBAB,1_ar,1 år,3.47,https://www.finansportalen.se/bolan/
957,2026-06-22T12:17:16.380089,2026-06-22,SBAB,2_ar,2 år,3.64,https://www.finansportalen.se/bolan/
955,2026-06-22T12:17:16.377235,2026-06-22,SBAB,3_man,3 månader,3.15,https://www.finansportalen.se/bolan/
977,2026-06-22T12:17:16.410563,2026-06-22,SEB,1_ar,1 år,3.54,https://www.finansportalen.se/bolan/
978,2026-06-22T12:17:16.412067,2026-06-22,SEB,2_ar,2 år,3.69,https://www.finansportalen.se/bolan/
976,2026-06-22T12:17:16.408741,2026-06-22,SEB,3_man,3 månader,3.94,https://www.finansportalen.se/bolan/
931,2026-06-22T12:17:16.392785,2026-06-22,Skandia,1_ar,1 år,3.83,https://www.finansportalen.se/bolan/
932,2026-06-22T12:17:16.394121,2026-06-22,Skandia,2_ar,2 år,4.02,https://www.finansportalen.se/bolan/
933,2026-06-22T12:17:13.669367,2026-06-22,Skandia,3_ar,3 år,3.42,https://www.compricer.se/bolan/
930,2026-06-22T12:17:16.391387,2026-06-22,Skandia,3_man,3 månader,3.55,https://www.finansportalen.se/bolan/
934,2026-06-22T12:17:13.670929,2026-06-22,Skandia,5_ar,5 år,3.64,https://www.compricer.se/bolan/
936,2026-06-22T12:17:16.374008,2026-06-22,Stabelo,1_ar,1 år,2.98,https://www.finansportalen.se/bolan/
937,2026-06-22T12:17:16.375628,2026-06-22,Stabelo,2_ar,2 år,3.22,https://www.finansportalen.se/bolan/
938,2026-06-22T12:17:13.676642,2026-06-22,Stabelo,3_ar,3 år,3.34,https://www.compricer.se/bolan/
935,2026-06-22T12:17:16.371757,2026-06-22,Stabelo,3_man,3 månader,2.66,https://www.finansportalen.se/bolan/
939,2026-06-22T12:17:13.677978,2026-06-22,Stabelo,5_ar,5 år,3.49,https://www.compricer.se/bolan/
971,2026-06-22T12:17:16.401392,2026-06-22,Swedbank,1_ar,1 år,3.49,https://www.finansportalen.se/bolan/
972,2026-06-22T12:17:16.402815,2026-06-22,Swedbank,2_ar,2 år,3.64,https://www.finansportalen.se/bolan/
970,2026-06-22T12:17:16.399909,2026-06-22,Swedbank,3_man,3 månader,3.89,https://www.finansportalen.se/bolan/
825,2026-06-21T09:59:39.736423,2026-06-21,Danske Bank,1_ar,1 år,3.39,https://www.finansportalen.se/bolan/
826,2026-06-21T09:59:39.737655,2026-06-21,Danske Bank,2_ar,2 år,3.56,https://www.finansportalen.se/bolan/
827,2026-06-21T09:59:36.951632,2026-06-21,Danske Bank,3_ar,3 år,3.18,https://www.compricer.se/bolan/
824,2026-06-21T09:59:39.735182,2026-06-21,Danske Bank,3_man,3 månader,3.84,https://www.finansportalen.se/bolan/
828,2026-06-21T09:59:36.952845,2026-06-21,Danske Bank,5_ar,5 år,3.03,https://www.compricer.se/bolan/
869,2026-06-21T09:59:39.744444,2026-06-21,Handelsbanken,1_ar,1 år,3.64,https://www.finansportalen.se/bolan/
870,2026-06-21T09:59:39.745812,2026-06-21,Handelsbanken,2_ar,2 år,3.74,https://www.finansportalen.se/bolan/
868,2026-06-21T09:59:39.743154,2026-06-21,Handelsbanken,3_man,3 månader,3.94,https://www.finansportalen.se/bolan/
846,2026-06-21T09:59:36.975486,2026-06-21,Handelsbanken,5_ar,5 år,3.6,https://www.compricer.se/bolan/
843,2026-06-21T09:59:39.724631,2026-06-21,Hypoteket,1_ar,1 år,3.69,https://www.finansportalen.se/bolan/
844,2026-06-21T09:59:39.726172,2026-06-21,Hypoteket,2_ar,2 år,3.85,https://www.finansportalen.se/bolan/
842,2026-06-21T09:59:39.723422,2026-06-21,Hypoteket,3_man,3 månader,3.31,https://www.finansportalen.se/bolan/
845,2026-06-21T09:59:36.974289,2026-06-21,Hypoteket,5_ar,5 år,3.93,https://www.compricer.se/bolan/
830,2026-06-21T09:59:39.728738,2026-06-21,ICA Banken,1_ar,1 år,3.9,https://www.finansportalen.se/bolan/
831,2026-06-21T09:59:39.730124,2026-06-21,ICA Banken,2_ar,2 år,4.15,https://www.finansportalen.se/bolan/
829,2026-06-21T09:59:39.727460,2026-06-21,ICA Banken,3_man,3 månader,3.48,https://www.finansportalen.se/bolan/
875,2026-06-21T09:59:39.752707,2026-06-21,Länsförsäkringar,1_ar,1 år,3.59,https://www.finansportalen.se/bolan/
876,2026-06-21T09:59:39.754078,2026-06-21,Länsförsäkringar,2_ar,2 år,3.69,https://www.finansportalen.se/bolan/
874,2026-06-21T09:59:39.751260,2026-06-21,Länsförsäkringar,3_man,3 månader,3.94,https://www.finansportalen.se/bolan/
851,2026-06-21T09:59:39.720784,2026-06-21,SBAB,1_ar,1 år,3.47,https://www.finansportalen.se/bolan/
852,2026-06-21T09:59:39.722159,2026-06-21,SBAB,2_ar,2 år,3.64,https://www.finansportalen.se/bolan/
850,2026-06-21T09:59:39.719505,2026-06-21,SBAB,3_man,3 månader,3.15,https://www.finansportalen.se/bolan/
872,2026-06-21T09:59:39.748578,2026-06-21,SEB,1_ar,1 år,3.54,https://www.finansportalen.se/bolan/
873,2026-06-21T09:59:39.749917,2026-06-21,SEB,2_ar,2 år,3.69,https://www.finansportalen.se/bolan/
871,2026-06-21T09:59:39.747238,2026-06-21,SEB,3_man,3 månader,3.94,https://www.finansportalen.se/bolan/
838,2026-06-21T09:59:39.732637,2026-06-21,Skandia,1_ar,1 år,3.83,https://www.finansportalen.se/bolan/
839,2026-06-21T09:59:39.733940,2026-06-21,Skandia,2_ar,2 år,4.02,https://www.finansportalen.se/bolan/
840,2026-06-21T09:59:36.968254,2026-06-21,Skandia,3_ar,3 år,3.42,https://www.compricer.se/bolan/
837,2026-06-21T09:59:39.731356,2026-06-21,Skandia,3_man,3 månader,3.55,https://www.finansportalen.se/bolan/
841,2026-06-21T09:59:36.969518,2026-06-21,Skandia,5_ar,5 år,3.64,https://www.compricer.se/bolan/
833,2026-06-21T09:59:39.716698,2026-06-21,Stabelo,1_ar,1 år,2.98,https://www.finansportalen.se/bolan/
834,2026-06-21T09:59:39.718269,2026-06-21,Stabelo,2_ar,2 år,3.22,https://www.finansportalen.se/bolan/
835,2026-06-21T09:59:36.962230,2026-06-21,Stabelo,3_ar,3 år,3.34,https://www.compricer.se/bolan/
832,2026-06-21T09:59:39.714623,2026-06-21,Stabelo,3_man,3 månader,2.66,https://www.finansportalen.se/bolan/
836,2026-06-21T09:59:36.963423,2026-06-21,Stabelo,5_ar,5 år,3.49,https://www.compricer.se/bolan/
820,2026-06-21T09:59:39.740375,2026-06-21,Swedbank,1_ar,1 år,3.49,https://www.finansportalen.se/bolan/
821,2026-06-21T09:59:39.741896,2026-06-21,Swedbank,2_ar,2 år,3.64,https://www.finansportalen.se/bolan/
822,2026-06-21T08:56:02.156281,2026-06-21,Swedbank,3_ar,3 år,3.09,https://www.compricer.se/bolan/
819,2026-06-21T09:59:39.739079,2026-06-21,Swedbank,3_man,3 månader,3.89,https://www.finansportalen.se/bolan/
823,2026-06-21T08:56:02.157624,2026-06-21,Swedbank,5_ar,5 år,3.48,https://www.compricer.se/bolan/
714,2026-06-20T09:29:11.602387,2026-06-20,Danske Bank,1_ar,1 år,3.39,https://www.finansportalen.se/bolan/
715,2026-06-20T09:29:11.603552,2026-06-20,Danske Bank,2_ar,2 år,3.56,https://www.finansportalen.se/bolan/
716,2026-06-20T09:29:08.901124,2026-06-20,Danske Bank,3_ar,3 år,3.18,https://www.compricer.se/bolan/
713,2026-06-20T09:29:11.601071,2026-06-20,Danske Bank,3_man,3 månader,3.84,https://www.finansportalen.se/bolan/
717,2026-06-20T09:29:08.902317,2026-06-20,Danske Bank,5_ar,5 år,3.03,https://www.compricer.se/bolan/
753,2026-06-20T09:29:11.609521,2026-06-20,Handelsbanken,1_ar,1 år,3.64,https://www.finansportalen.se/bolan/
754,2026-06-20T09:29:11.610674,2026-06-20,Handelsbanken,2_ar,2 år,3.74,https://www.finansportalen.se/bolan/
752,2026-06-20T09:29:11.608300,2026-06-20,Handelsbanken,3_man,3 månader,3.94,https://www.finansportalen.se/bolan/
730,2026-06-20T09:29:08.917964,2026-06-20,Handelsbanken,5_ar,5 år,3.6,https://www.compricer.se/bolan/
727,2026-06-20T09:29:11.591202,2026-06-20,Hypoteket,1_ar,1 år,3.69,https://www.finansportalen.se/bolan/
728,2026-06-20T09:29:11.592409,2026-06-20,Hypoteket,2_ar,2 år,3.85,https://www.finansportalen.se/bolan/
726,2026-06-20T09:29:11.589944,2026-06-20,Hypoteket,3_man,3 månader,3.31,https://www.finansportalen.se/bolan/
729,2026-06-20T09:29:08.916814,2026-06-20,Hypoteket,5_ar,5 år,3.93,https://www.compricer.se/bolan/
719,2026-06-20T09:29:11.594767,2026-06-20,ICA Banken,1_ar,1 år,3.9,https://www.finansportalen.se/bolan/
720,2026-06-20T09:29:11.596040,2026-06-20,ICA Banken,2_ar,2 år,4.15,https://www.finansportalen.se/bolan/
718,2026-06-20T09:29:11.593593,2026-06-20,ICA Banken,3_man,3 månader,3.48,https://www.finansportalen.se/bolan/
759,2026-06-20T09:29:11.616664,2026-06-20,Länsförsäkringar,1_ar,1 år,3.59,https://www.finansportalen.se/bolan/
760,2026-06-20T09:29:11.617838,2026-06-20,Länsförsäkringar,2_ar,2 år,3.69,https://www.finansportalen.se/bolan/
758,2026-06-20T09:29:11.615394,2026-06-20,Länsförsäkringar,3_man,3 månader,3.94,https://www.finansportalen.se/bolan/
735,2026-06-20T09:29:11.587460,2026-06-20,SBAB,1_ar,1 år,3.47,https://www.finansportalen.se/bolan/
736,2026-06-20T09:29:11.588619,2026-06-20,SBAB,2_ar,2 år,3.64,https://www.finansportalen.se/bolan/
734,2026-06-20T09:29:11.586263,2026-06-20,SBAB,3_man,3 månader,3.15,https://www.finansportalen.se/bolan/
756,2026-06-20T09:29:11.612946,2026-06-20,SEB,1_ar,1 år,3.54,https://www.finansportalen.se/bolan/
757,2026-06-20T09:29:11.614145,2026-06-20,SEB,2_ar,2 år,3.69,https://www.finansportalen.se/bolan/
755,2026-06-20T09:29:11.611806,2026-06-20,SEB,3_man,3 månader,3.94,https://www.finansportalen.se/bolan/
722,2026-06-20T09:29:11.598458,2026-06-20,Skandia,1_ar,1 år,3.83,https://www.finansportalen.se/bolan/
723,2026-06-20T09:29:11.599589,2026-06-20,Skandia,2_ar,2 år,4.02,https://www.finansportalen.se/bolan/
724,2026-06-20T09:29:08.910752,2026-06-20,Skandia,3_ar,3 år,3.42,https://www.compricer.se/bolan/
721,2026-06-20T09:29:11.597304,2026-06-20,Skandia,3_man,3 månader,3.55,https://www.finansportalen.se/bolan/
725,2026-06-20T09:29:08.911900,2026-06-20,Skandia,5_ar,5 år,3.64,https://www.compricer.se/bolan/
704,2026-06-20T09:29:11.583071,2026-06-20,Stabelo,1_ar,1 år,2.98,https://www.finansportalen.se/bolan/
705,2026-06-20T09:29:11.584554,2026-06-20,Stabelo,2_ar,2 år,3.22,https://www.finansportalen.se/bolan/
706,2026-06-20T09:29:08.888230,2026-06-20,Stabelo,3_ar,3 år,3.34,https://www.compricer.se/bolan/
703,2026-06-20T09:29:11.580909,2026-06-20,Stabelo,3_man,3 månader,2.66,https://www.finansportalen.se/bolan/
707,2026-06-20T09:29:08.889426,2026-06-20,Stabelo,5_ar,5 år,3.49,https://www.compricer.se/bolan/
709,2026-06-20T09:29:11.605918,2026-06-20,Swedbank,1_ar,1 år,3.49,https://www.finansportalen.se/bolan/
710,2026-06-20T09:29:11.607094,2026-06-20,Swedbank,2_ar,2 år,3.64,https://www.finansportalen.se/bolan/
711,2026-06-20T09:29:08.894053,2026-06-20,Swedbank,3_ar,3 år,3.09,https://www.compricer.se/bolan/
708,2026-06-20T09:29:11.604727,2026-06-20,Swedbank,3_man,3 månader,3.89,https://www.finansportalen.se/bolan/
712,2026-06-20T09:29:08.895361,2026-06-20,Swedbank,5_ar,5 år,3.48,https://www.compricer.se/bolan/
598,2026-06-19T10:48:43.865338,2026-06-19,Danske Bank,1_ar,1 år,3.39,https://www.finansportalen.se/bolan/
599,2026-06-19T10:48:43.866509,2026-06-19,Danske Bank,2_ar,2 år,3.56,https://www.finansportalen.se/bolan/
600,2026-06-19T10:48:41.161927,2026-06-19,Danske Bank,3_ar,3 år,3.18,https://www.compricer.se/bolan/
597,2026-06-19T10:48:43.864185,2026-06-19,Danske Bank,3_man,3 månader,3.84,https://www.finansportalen.se/bolan/
601,2026-06-19T10:48:41.163238,2026-06-19,Danske Bank,5_ar,5 år,3.03,https://www.compricer.se/bolan/
637,2026-06-19T10:48:43.873151,2026-06-19,Handelsbanken,1_ar,1 år,3.64,https://www.finansportalen.se/bolan/
638,2026-06-19T10:48:43.874323,2026-06-19,Handelsbanken,2_ar,2 år,3.74,https://www.finansportalen.se/bolan/
636,2026-06-19T10:48:43.871919,2026-06-19,Handelsbanken,3_man,3 månader,3.94,https://www.finansportalen.se/bolan/
614,2026-06-19T10:48:41.180321,2026-06-19,Handelsbanken,5_ar,5 år,3.6,https://www.compricer.se/bolan/
606,2026-06-19T10:48:43.854364,2026-06-19,Hypoteket,1_ar,1 år,3.69,https://www.finansportalen.se/bolan/
607,2026-06-19T10:48:43.855582,2026-06-19,Hypoteket,2_ar,2 år,3.85,https://www.finansportalen.se/bolan/
605,2026-06-19T10:48:43.853110,2026-06-19,Hypoteket,3_man,3 månader,3.31,https://www.finansportalen.se/bolan/
608,2026-06-19T10:48:41.172700,2026-06-19,Hypoteket,5_ar,5 år,3.93,https://www.compricer.se/bolan/
603,2026-06-19T10:48:43.858094,2026-06-19,ICA Banken,1_ar,1 år,3.9,https://www.finansportalen.se/bolan/
604,2026-06-19T10:48:43.859305,2026-06-19,ICA Banken,2_ar,2 år,4.15,https://www.finansportalen.se/bolan/
602,2026-06-19T10:48:43.856859,2026-06-19,ICA Banken,3_man,3 månader,3.48,https://www.finansportalen.se/bolan/
643,2026-06-19T10:48:43.880640,2026-06-19,Länsförsäkringar,1_ar,1 år,3.59,https://www.finansportalen.se/bolan/
644,2026-06-19T10:48:43.881996,2026-06-19,Länsförsäkringar,2_ar,2 år,3.69,https://www.finansportalen.se/bolan/
642,2026-06-19T10:48:43.879364,2026-06-19,Länsförsäkringar,3_man,3 månader,3.94,https://www.finansportalen.se/bolan/
619,2026-06-19T10:48:43.850467,2026-06-19,SBAB,1_ar,1 år,3.47,https://www.finansportalen.se/bolan/
620,2026-06-19T10:48:43.851845,2026-06-19,SBAB,2_ar,2 år,3.64,https://www.finansportalen.se/bolan/
618,2026-06-19T10:48:43.849150,2026-06-19,SBAB,3_man,3 månader,3.15,https://www.finansportalen.se/bolan/
640,2026-06-19T10:48:43.876839,2026-06-19,SEB,1_ar,1 år,3.54,https://www.finansportalen.se/bolan/
641,2026-06-19T10:48:43.878161,2026-06-19,SEB,2_ar,2 år,3.69,https://www.finansportalen.se/bolan/
639,2026-06-19T10:48:43.875515,2026-06-19,SEB,3_man,3 månader,3.94,https://www.finansportalen.se/bolan/
610,2026-06-19T10:48:43.861704,2026-06-19,Skandia,1_ar,1 år,3.83,https://www.finansportalen.se/bolan/
611,2026-06-19T10:48:43.862936,2026-06-19,Skandia,2_ar,2 år,4.02,https://www.finansportalen.se/bolan/
612,2026-06-19T10:48:41.177782,2026-06-19,Skandia,3_ar,3 år,3.42,https://www.compricer.se/bolan/
609,2026-06-19T10:48:43.860509,2026-06-19,Skandia,3_man,3 månader,3.55,https://www.finansportalen.se/bolan/
613,2026-06-19T10:48:41.179060,2026-06-19,Skandia,5_ar,5 år,3.64,https://www.compricer.se/bolan/
588,2026-06-19T10:48:43.846290,2026-06-19,Stabelo,1_ar,1 år,2.98,https://www.finansportalen.se/bolan/
589,2026-06-19T10:48:43.847761,2026-06-19,Stabelo,2_ar,2 år,3.22,https://www.finansportalen.se/bolan/
590,2026-06-19T10:48:41.148542,2026-06-19,Stabelo,3_ar,3 år,3.34,https://www.compricer.se/bolan/
587,2026-06-19T10:48:43.843989,2026-06-19,Stabelo,3_man,3 månader,2.66,https://www.finansportalen.se/bolan/
591,2026-06-19T10:48:41.149947,2026-06-19,Stabelo,5_ar,5 år,3.49,https://www.compricer.se/bolan/
593,2026-06-19T10:48:43.869316,2026-06-19,Swedbank,1_ar,1 år,3.49,https://www.finansportalen.se/bolan/
594,2026-06-19T10:48:43.870618,2026-06-19,Swedbank,2_ar,2 år,3.64,https://www.finansportalen.se/bolan/
595,2026-06-19T10:48:41.155510,2026-06-19,Swedbank,3_ar,3 år,3.09,https://www.compricer.se/bolan/
592,2026-06-19T10:48:43.868090,2026-06-19,Swedbank,3_man,3 månader,3.89,https://www.finansportalen.se/bolan/
596,2026-06-19T10:48:41.156873,2026-06-19,Swedbank,5_ar,5 år,3.48,https://www.compricer.se/bolan/
482,2026-06-18T10:41:04.063691,2026-06-18,Danske Bank,1_ar,1 år,3.39,https://www.finansportalen.se/bolan/
483,2026-06-18T10:41:04.064955,2026-06-18,Danske Bank,2_ar,2 år,3.56,https://www.finansportalen.se/bolan/
484,2026-06-18T10:41:01.330437,2026-06-18,Danske Bank,3_ar,3 år,3.18,https://www.compricer.se/bolan/
481,2026-06-18T10:41:04.062539,2026-06-18,Danske Bank,3_man,3 månader,3.84,https://www.finansportalen.se/bolan/
485,2026-06-18T10:41:01.331642,2026-06-18,Danske Bank,5_ar,5 år,3.03,https://www.compricer.se/bolan/
521,2026-06-18T10:41:04.070421,2026-06-18,Handelsbanken,1_ar,1 år,3.64,https://www.finansportalen.se/bolan/
522,2026-06-18T10:41:04.071505,2026-06-18,Handelsbanken,2_ar,2 år,3.74,https://www.finansportalen.se/bolan/
520,2026-06-18T10:41:04.069310,2026-06-18,Handelsbanken,3_man,3 månader,3.94,https://www.finansportalen.se/bolan/
498,2026-06-18T10:41:01.347760,2026-06-18,Handelsbanken,5_ar,5 år,3.6,https://www.compricer.se/bolan/
490,2026-06-18T10:41:04.053355,2026-06-18,Hypoteket,1_ar,1 år,3.69,https://www.finansportalen.se/bolan/
491,2026-06-18T10:41:04.054517,2026-06-18,Hypoteket,2_ar,2 år,3.85,https://www.finansportalen.se/bolan/
489,2026-06-18T10:41:04.052129,2026-06-18,Hypoteket,3_man,3 månader,3.31,https://www.finansportalen.se/bolan/
492,2026-06-18T10:41:01.340458,2026-06-18,Hypoteket,5_ar,5 år,3.93,https://www.compricer.se/bolan/
487,2026-06-18T10:41:04.056775,2026-06-18,ICA Banken,1_ar,1 år,3.9,https://www.finansportalen.se/bolan/
488,2026-06-18T10:41:04.057857,2026-06-18,ICA Banken,2_ar,2 år,4.15,https://www.finansportalen.se/bolan/
486,2026-06-18T10:41:04.055683,2026-06-18,ICA Banken,3_man,3 månader,3.48,https://www.finansportalen.se/bolan/
527,2026-06-18T10:41:04.077488,2026-06-18,Länsförsäkringar,1_ar,1 år,3.59,https://www.finansportalen.se/bolan/
528,2026-06-18T10:41:04.078588,2026-06-18,Länsförsäkringar,2_ar,2 år,3.69,https://www.finansportalen.se/bolan/
526,2026-06-18T10:41:04.076279,2026-06-18,Länsförsäkringar,3_man,3 månader,3.94,https://www.finansportalen.se/bolan/
503,2026-06-18T10:41:04.049768,2026-06-18,SBAB,1_ar,1 år,3.47,https://www.finansportalen.se/bolan/
504,2026-06-18T10:41:04.050860,2026-06-18,SBAB,2_ar,2 år,3.64,https://www.finansportalen.se/bolan/
502,2026-06-18T10:41:04.048642,2026-06-18,SBAB,3_man,3 månader,3.15,https://www.finansportalen.se/bolan/
524,2026-06-18T10:41:04.073772,2026-06-18,SEB,1_ar,1 år,3.54,https://www.finansportalen.se/bolan/
525,2026-06-18T10:41:04.074948,2026-06-18,SEB,2_ar,2 år,3.69,https://www.finansportalen.se/bolan/
523,2026-06-18T10:41:04.072611,2026-06-18,SEB,3_man,3 månader,3.94,https://www.finansportalen.se/bolan/
494,2026-06-18T10:41:04.060149,2026-06-18,Skandia,1_ar,1 år,3.83,https://www.finansportalen.se/bolan/
495,2026-06-18T10:41:04.061363,2026-06-18,Skandia,2_ar,2 år,4.02,https://www.finansportalen.se/bolan/
496,2026-06-18T10:41:01.345483,2026-06-18,Skandia,3_ar,3 år,3.42,https://www.compricer.se/bolan/
493,2026-06-18T10:41:04.058957,2026-06-18,Skandia,3_man,3 månader,3.55,https://www.finansportalen.se/bolan/
497,2026-06-18T10:41:01.346641,2026-06-18,Skandia,5_ar,5 år,3.64,https://www.compricer.se/bolan/
472,2026-06-18T10:41:04.046138,2026-06-18,Stabelo,1_ar,1 år,2.98,https://www.finansportalen.se/bolan/
473,2026-06-18T10:41:04.047347,2026-06-18,Stabelo,2_ar,2 år,3.22,https://www.finansportalen.se/bolan/
474,2026-06-18T10:41:01.317888,2026-06-18,Stabelo,3_ar,3 år,3.34,https://www.compricer.se/bolan/
471,2026-06-18T10:41:04.044283,2026-06-18,Stabelo,3_man,3 månader,2.66,https://www.finansportalen.se/bolan/
475,2026-06-18T10:41:01.319308,2026-06-18,Stabelo,5_ar,5 år,3.49,https://www.compricer.se/bolan/
477,2026-06-18T10:41:04.067166,2026-06-18,Swedbank,1_ar,1 år,3.49,https://www.finansportalen.se/bolan/
478,2026-06-18T10:41:04.068236,2026-06-18,Swedbank,2_ar,2 år,3.64,https://www.finansportalen.se/bolan/
479,2026-06-18T10:41:01.324159,2026-06-18,Swedbank,3_ar,3 år,3.09,https://www.compricer.se/bolan/
476,2026-06-18T10:41:04.066102,2026-06-18,Swedbank,3_man,3 månader,3.89,https://www.finansportalen.se/bolan/
480,2026-06-18T10:41:01.325333,2026-06-18,Swedbank,5_ar,5 år,3.48,https://www.compricer.se/bolan/
366,2026-06-17T11:09:51.830428,2026-06-17,Danske Bank,1_ar,1 år,3.39,https://www.finansportalen.se/bolan/
367,2026-06-17T11:09:51.853313,2026-06-17,Danske Bank,2_ar,2 år,3.56,https://www.finansportalen.se/bolan/
368,2026-06-17T11:09:46.791714,2026-06-17,Danske Bank,3_ar,3 år,3.18,https://www.compricer.se/bolan/
365,2026-06-17T11:09:51.804736,2026-06-17,Danske Bank,3_man,3 månader,3.84,https://www.finansportalen.se/bolan/
369,2026-06-17T11:09:46.793011,2026-06-17,Danske Bank,5_ar,5 år,3.03,https://www.compricer.se/bolan/
405,2026-06-17T11:09:52.248519,2026-06-17,Handelsbanken,1_ar,1 år,3.64,https://www.finansportalen.se/bolan/
406,2026-06-17T11:09:52.253391,2026-06-17,Handelsbanken,2_ar,2 år,3.74,https://www.finansportalen.se/bolan/
404,2026-06-17T11:09:51.859236,2026-06-17,Handelsbanken,3_man,3 månader,3.94,https://www.finansportalen.se/bolan/
382,2026-06-17T11:09:46.997687,2026-06-17,Handelsbanken,5_ar,5 år,3.6,https://www.compricer.se/bolan/
374,2026-06-17T11:09:51.547037,2026-06-17,Hypoteket,1_ar,1 år,3.69,https://www.finansportalen.se/bolan/
375,2026-06-17T11:09:51.549347,2026-06-17,Hypoteket,2_ar,2 år,3.85,https://www.finansportalen.se/bolan/
373,2026-06-17T11:09:51.545636,2026-06-17,Hypoteket,3_man,3 månader,3.31,https://www.finansportalen.se/bolan/
376,2026-06-17T11:09:46.989431,2026-06-17,Hypoteket,5_ar,5 år,3.93,https://www.compricer.se/bolan/
371,2026-06-17T11:09:51.770897,2026-06-17,ICA Banken,1_ar,1 år,3.9,https://www.finansportalen.se/bolan/
372,2026-06-17T11:09:51.772500,2026-06-17,ICA Banken,2_ar,2 år,4.15,https://www.finansportalen.se/bolan/
370,2026-06-17T11:09:51.628533,2026-06-17,ICA Banken,3_man,3 månader,3.48,https://www.finansportalen.se/bolan/
411,2026-06-17T11:09:52.260205,2026-06-17,Länsförsäkringar,1_ar,1 år,3.59,https://www.finansportalen.se/bolan/
412,2026-06-17T11:09:52.261483,2026-06-17,Länsförsäkringar,2_ar,2 år,3.69,https://www.finansportalen.se/bolan/
410,2026-06-17T11:09:52.258908,2026-06-17,Länsförsäkringar,3_man,3 månader,3.94,https://www.finansportalen.se/bolan/
387,2026-06-17T11:09:51.542672,2026-06-17,SBAB,1_ar,1 år,3.47,https://www.finansportalen.se/bolan/
388,2026-06-17T11:09:51.544150,2026-06-17,SBAB,2_ar,2 år,3.64,https://www.finansportalen.se/bolan/
386,2026-06-17T11:09:51.541133,2026-06-17,SBAB,3_man,3 månader,3.15,https://www.finansportalen.se/bolan/
408,2026-06-17T11:09:52.256312,2026-06-17,SEB,1_ar,1 år,3.54,https://www.finansportalen.se/bolan/
409,2026-06-17T11:09:52.257633,2026-06-17,SEB,2_ar,2 år,3.69,https://www.finansportalen.se/bolan/
407,2026-06-17T11:09:52.254982,2026-06-17,SEB,3_man,3 månader,3.94,https://www.finansportalen.se/bolan/
378,2026-06-17T11:09:51.794141,2026-06-17,Skandia,1_ar,1 år,3.83,https://www.finansportalen.se/bolan/
379,2026-06-17T11:09:51.795531,2026-06-17,Skandia,2_ar,2 år,4.02,https://www.finansportalen.se/bolan/
380,2026-06-17T11:09:46.994969,2026-06-17,Skandia,3_ar,3 år,3.42,https://www.compricer.se/bolan/
377,2026-06-17T11:09:51.792579,2026-06-17,Skandia,3_man,3 månader,3.55,https://www.finansportalen.se/bolan/
381,2026-06-17T11:09:46.996367,2026-06-17,Skandia,5_ar,5 år,3.64,https://www.compricer.se/bolan/
356,2026-06-17T11:09:51.394503,2026-06-17,Stabelo,1_ar,1 år,2.98,https://www.finansportalen.se/bolan/
357,2026-06-17T11:09:51.539480,2026-06-17,Stabelo,2_ar,2 år,3.22,https://www.finansportalen.se/bolan/
358,2026-06-17T11:09:46.778572,2026-06-17,Stabelo,3_ar,3 år,3.34,https://www.compricer.se/bolan/
355,2026-06-17T11:09:51.052254,2026-06-17,Stabelo,3_man,3 månader,2.66,https://www.finansportalen.se/bolan/
359,2026-06-17T11:09:46.780022,2026-06-17,Stabelo,5_ar,5 år,3.49,https://www.compricer.se/bolan/
361,2026-06-17T11:09:51.856263,2026-06-17,Swedbank,1_ar,1 år,3.49,https://www.finansportalen.se/bolan/
362,2026-06-17T11:09:51.857757,2026-06-17,Swedbank,2_ar,2 år,3.64,https://www.finansportalen.se/bolan/
363,2026-06-17T11:09:46.785305,2026-06-17,Swedbank,3_ar,3 år,3.09,https://www.compricer.se/bolan/
360,2026-06-17T11:09:51.854738,2026-06-17,Swedbank,3_man,3 månader,3.89,https://www.finansportalen.se/bolan/
364,2026-06-17T11:09:46.786576,2026-06-17,Swedbank,5_ar,5 år,3.48,https://www.compricer.se/bolan/
255,2026-06-16T11:24:51.371396,2026-06-16,Danske Bank,1_ar,1 år,3.39,https://www.finansportalen.se/bolan/
256,2026-06-16T11:24:51.372903,2026-06-16,Danske Bank,2_ar,2 år,3.56,https://www.finansportalen.se/bolan/
257,2026-06-16T11:24:48.344376,2026-06-16,Danske Bank,3_ar,3 år,3.18,https://www.compricer.se/bolan/
254,2026-06-16T11:24:51.369944,2026-06-16,Danske Bank,3_man,3 månader,3.84,https://www.finansportalen.se/bolan/
258,2026-06-16T11:24:48.345778,2026-06-16,Danske Bank,5_ar,5 år,3.03,https://www.compricer.se/bolan/
289,2026-06-16T11:24:51.380748,2026-06-16,Handelsbanken,1_ar,1 år,3.64,https://www.finansportalen.se/bolan/
290,2026-06-16T11:24:51.382644,2026-06-16,Handelsbanken,2_ar,2 år,3.74,https://www.finansportalen.se/bolan/
288,2026-06-16T11:24:51.379363,2026-06-16,Handelsbanken,3_man,3 månader,3.94,https://www.finansportalen.se/bolan/
266,2026-06-16T11:24:48.358795,2026-06-16,Handelsbanken,5_ar,5 år,3.6,https://www.compricer.se/bolan/
263,2026-06-16T11:24:51.358375,2026-06-16,Hypoteket,1_ar,1 år,3.69,https://www.finansportalen.se/bolan/
264,2026-06-16T11:24:51.359791,2026-06-16,Hypoteket,2_ar,2 år,3.85,https://www.finansportalen.se/bolan/
262,2026-06-16T11:24:51.357030,2026-06-16,Hypoteket,3_man,3 månader,3.31,https://www.finansportalen.se/bolan/
265,2026-06-16T11:24:48.356199,2026-06-16,Hypoteket,5_ar,5 år,3.93,https://www.compricer.se/bolan/
260,2026-06-16T11:24:51.362653,2026-06-16,ICA Banken,1_ar,1 år,3.9,https://www.finansportalen.se/bolan/
261,2026-06-16T11:24:51.364070,2026-06-16,ICA Banken,2_ar,2 år,4.15,https://www.finansportalen.se/bolan/
259,2026-06-16T11:24:51.361196,2026-06-16,ICA Banken,3_man,3 månader,3.48,https://www.finansportalen.se/bolan/
295,2026-06-16T11:24:51.390481,2026-06-16,Länsförsäkringar,1_ar,1 år,3.59,https://www.finansportalen.se/bolan/
296,2026-06-16T11:24:51.392029,2026-06-16,Länsförsäkringar,2_ar,2 år,3.69,https://www.finansportalen.se/bolan/
294,2026-06-16T11:24:51.389025,2026-06-16,Länsförsäkringar,3_man,3 månader,3.94,https://www.finansportalen.se/bolan/
271,2026-06-16T11:24:51.354122,2026-06-16,SBAB,1_ar,1 år,3.47,https://www.finansportalen.se/bolan/
272,2026-06-16T11:24:51.355570,2026-06-16,SBAB,2_ar,2 år,3.64,https://www.finansportalen.se/bolan/
270,2026-06-16T11:24:51.352528,2026-06-16,SBAB,3_man,3 månader,3.15,https://www.finansportalen.se/bolan/
292,2026-06-16T11:24:51.385950,2026-06-16,SEB,1_ar,1 år,3.54,https://www.finansportalen.se/bolan/
293,2026-06-16T11:24:51.387411,2026-06-16,SEB,2_ar,2 år,3.69,https://www.finansportalen.se/bolan/
291,2026-06-16T11:24:51.384357,2026-06-16,SEB,3_man,3 månader,3.94,https://www.finansportalen.se/bolan/
245,2026-06-16T11:24:51.367113,2026-06-16,Skandia,1_ar,1 år,3.83,https://www.finansportalen.se/bolan/
246,2026-06-16T11:24:51.368498,2026-06-16,Skandia,2_ar,2 år,4.02,https://www.finansportalen.se/bolan/
247,2026-06-16T11:24:48.329096,2026-06-16,Skandia,3_ar,3 år,3.42,https://www.compricer.se/bolan/
244,2026-06-16T11:24:51.365454,2026-06-16,Skandia,3_man,3 månader,3.55,https://www.finansportalen.se/bolan/
248,2026-06-16T11:24:48.330708,2026-06-16,Skandia,5_ar,5 år,3.64,https://www.compricer.se/bolan/
240,2026-06-16T11:24:51.349057,2026-06-16,Stabelo,1_ar,1 år,2.98,https://www.finansportalen.se/bolan/
241,2026-06-16T11:24:51.351007,2026-06-16,Stabelo,2_ar,2 år,3.22,https://www.finansportalen.se/bolan/
242,2026-06-16T11:24:48.318260,2026-06-16,Stabelo,3_ar,3 år,3.34,https://www.compricer.se/bolan/
239,2026-06-16T11:24:51.346753,2026-06-16,Stabelo,3_man,3 månader,2.66,https://www.finansportalen.se/bolan/
243,2026-06-16T11:24:48.319753,2026-06-16,Stabelo,5_ar,5 år,3.49,https://www.compricer.se/bolan/
250,2026-06-16T11:24:51.376233,2026-06-16,Swedbank,1_ar,1 år,3.49,https://www.finansportalen.se/bolan/
251,2026-06-16T11:24:51.377929,2026-06-16,Swedbank,2_ar,2 år,3.64,https://www.finansportalen.se/bolan/
252,2026-06-16T11:24:48.336993,2026-06-16,Swedbank,3_ar,3 år,3.09,https://www.compricer.se/bolan/
249,2026-06-16T11:24:51.374463,2026-06-16,Swedbank,3_man,3 månader,3.89,https://www.finansportalen.se/bolan/
253,2026-06-16T11:24:48.338422,2026-06-16,Swedbank,5_ar,5 år,3.48,https://www.compricer.se/bolan/
139,2026-06-15T12:31:54.499608,2026-06-15,Danske Bank,1_ar,1 år,3.39,https://www.finansportalen.se/bolan/
140,2026-06-15T12:31:54.501150,2026-06-15,Danske Bank,2_ar,2 år,3.56,https://www.finansportalen.se/bolan/
141,2026-06-15T12:31:51.266885,2026-06-15,Danske Bank,3_ar,3 år,3.18,https://www.compricer.se/bolan/
138,2026-06-15T12:31:54.498306,2026-06-15,Danske Bank,3_man,3 månader,3.84,https://www.finansportalen.se/bolan/
142,2026-06-15T12:31:51.268983,2026-06-15,Danske Bank,5_ar,5 år,3.03,https://www.compricer.se/bolan/
173,2026-06-15T12:31:54.508227,2026-06-15,Handelsbanken,1_ar,1 år,3.64,https://www.finansportalen.se/bolan/
174,2026-06-15T12:31:54.509913,2026-06-15,Handelsbanken,2_ar,2 år,3.74,https://www.finansportalen.se/bolan/
172,2026-06-15T12:31:54.506832,2026-06-15,Handelsbanken,3_man,3 månader,3.94,https://www.finansportalen.se/bolan/
150,2026-06-15T12:31:51.282591,2026-06-15,Handelsbanken,5_ar,5 år,3.6,https://www.compricer.se/bolan/
147,2026-06-15T12:31:54.485373,2026-06-15,Hypoteket,1_ar,1 år,3.69,https://www.finansportalen.se/bolan/
148,2026-06-15T12:31:54.487110,2026-06-15,Hypoteket,2_ar,2 år,3.85,https://www.finansportalen.se/bolan/
146,2026-06-15T12:31:54.483592,2026-06-15,Hypoteket,3_man,3 månader,3.31,https://www.finansportalen.se/bolan/
149,2026-06-15T12:31:51.280848,2026-06-15,Hypoteket,5_ar,5 år,3.93,https://www.compricer.se/bolan/
144,2026-06-15T12:31:54.490363,2026-06-15,ICA Banken,1_ar,1 år,3.9,https://www.finansportalen.se/bolan/
145,2026-06-15T12:31:54.491936,2026-06-15,ICA Banken,2_ar,2 år,4.15,https://www.finansportalen.se/bolan/
143,2026-06-15T12:31:54.488749,2026-06-15,ICA Banken,3_man,3 månader,3.48,https://www.finansportalen.se/bolan/
179,2026-06-15T12:31:54.517348,2026-06-15,Länsförsäkringar,1_ar,1 år,3.59,https://www.finansportalen.se/bolan/
180,2026-06-15T12:31:54.518831,2026-06-15,Länsförsäkringar,2_ar,2 år,3.69,https://www.finansportalen.se/bolan/
178,2026-06-15T12:31:54.515903,2026-06-15,Länsförsäkringar,3_man,3 månader,3.94,https://www.finansportalen.se/bolan/
155,2026-06-15T12:31:54.480321,2026-06-15,SBAB,1_ar,1 år,3.47,https://www.finansportalen.se/bolan/
156,2026-06-15T12:31:54.481906,2026-06-15,SBAB,2_ar,2 år,3.64,https://www.finansportalen.se/bolan/
154,2026-06-15T12:31:54.478761,2026-06-15,SBAB,3_man,3 månader,3.15,https://www.finansportalen.se/bolan/
176,2026-06-15T12:31:54.512992,2026-06-15,SEB,1_ar,1 år,3.54,https://www.finansportalen.se/bolan/
177,2026-06-15T12:31:54.514442,2026-06-15,SEB,2_ar,2 år,3.69,https://www.finansportalen.se/bolan/
175,2026-06-15T12:31:54.511562,2026-06-15,SEB,3_man,3 månader,3.94,https://www.finansportalen.se/bolan/
129,2026-06-15T12:31:54.495396,2026-06-15,Skandia,1_ar,1 år,3.83,https://www.finansportalen.se/bolan/
130,2026-06-15T12:31:54.496777,2026-06-15,Skandia,2_ar,2 år,4.02,https://www.finansportalen.se/bolan/
131,2026-06-15T12:31:51.250102,2026-06-15,Skandia,3_ar,3 år,3.42,https://www.compricer.se/bolan/
128,2026-06-15T12:31:54.493536,2026-06-15,Skandia,3_man,3 månader,3.55,https://www.finansportalen.se/bolan/
132,2026-06-15T12:31:51.251665,2026-06-15,Skandia,5_ar,5 år,3.64,https://www.compricer.se/bolan/
124,2026-06-15T12:31:54.475317,2026-06-15,Stabelo,1_ar,1 år,2.98,https://www.finansportalen.se/bolan/
125,2026-06-15T12:31:54.477133,2026-06-15,Stabelo,2_ar,2 år,3.22,https://www.finansportalen.se/bolan/
126,2026-06-15T12:31:51.241911,2026-06-15,Stabelo,3_ar,3 år,3.34,https://www.compricer.se/bolan/
123,2026-06-15T12:31:54.472768,2026-06-15,Stabelo,3_man,3 månader,2.66,https://www.finansportalen.se/bolan/
127,2026-06-15T12:31:51.243471,2026-06-15,Stabelo,5_ar,5 år,3.49,https://www.compricer.se/bolan/
134,2026-06-15T12:31:54.503927,2026-06-15,Swedbank,1_ar,1 år,3.49,https://www.finansportalen.se/bolan/
135,2026-06-15T12:31:54.505271,2026-06-15,Swedbank,2_ar,2 år,3.64,https://www.finansportalen.se/bolan/
136,2026-06-15T12:31:51.257777,2026-06-15,Swedbank,3_ar,3 år,3.09,https://www.compricer.se/bolan/
133,2026-06-15T12:31:54.502536,2026-06-15,Swedbank,3_man,3 månader,3.89,https://www.finansportalen.se/bolan/
137,2026-06-15T12:31:51.259984,2026-06-15,Swedbank,5_ar,5 år,3.48,https://www.compricer.se/bolan/
18,2026-06-14T09:48:23.493176,2026-06-14,Danske Bank,1_ar,1 år,3.39,https://www.finansportalen.se/bolan/
19,2026-06-14T09:48:23.494319,2026-06-14,Danske Bank,2_ar,2 år,3.56,https://www.finansportalen.se/bolan/
20,2026-06-14T09:48:20.573571,2026-06-14,Danske Bank,3_ar,3 år,3.18,https://www.compricer.se/bolan/
17,2026-06-14T09:48:23.492016,2026-06-14,Danske Bank,3_man,3 månader,3.84,https://www.finansportalen.se/bolan/
21,2026-06-14T09:48:20.574779,2026-06-14,Danske Bank,5_ar,5 år,3.03,https://www.compricer.se/bolan/
57,2026-06-14T09:48:23.500765,2026-06-14,Handelsbanken,1_ar,1 år,3.64,https://www.finansportalen.se/bolan/
58,2026-06-14T09:48:23.501959,2026-06-14,Handelsbanken,2_ar,2 år,3.74,https://www.finansportalen.se/bolan/
56,2026-06-14T09:48:23.499525,2026-06-14,Handelsbanken,3_man,3 månader,3.94,https://www.finansportalen.se/bolan/
34,2026-06-14T09:48:20.590464,2026-06-14,Handelsbanken,5_ar,5 år,3.6,https://www.compricer.se/bolan/
26,2026-06-14T09:48:23.482557,2026-06-14,Hypoteket,1_ar,1 år,3.69,https://www.finansportalen.se/bolan/
27,2026-06-14T09:48:23.483743,2026-06-14,Hypoteket,2_ar,2 år,3.85,https://www.finansportalen.se/bolan/
25,2026-06-14T09:48:23.481405,2026-06-14,Hypoteket,3_man,3 månader,3.31,https://www.finansportalen.se/bolan/
28,2026-06-14T09:48:20.583427,2026-06-14,Hypoteket,5_ar,5 år,3.93,https://www.compricer.se/bolan/
23,2026-06-14T09:48:23.486116,2026-06-14,ICA Banken,1_ar,1 år,3.9,https://www.finansportalen.se/bolan/
24,2026-06-14T09:48:23.487265,2026-06-14,ICA Banken,2_ar,2 år,4.15,https://www.finansportalen.se/bolan/
22,2026-06-14T09:48:23.484878,2026-06-14,ICA Banken,3_man,3 månader,3.48,https://www.finansportalen.se/bolan/
63,2026-06-14T09:48:23.508062,2026-06-14,Länsförsäkringar,1_ar,1 år,3.59,https://www.finansportalen.se/bolan/
64,2026-06-14T09:48:23.509255,2026-06-14,Länsförsäkringar,2_ar,2 år,3.74,https://www.finansportalen.se/bolan/
62,2026-06-14T09:48:23.506853,2026-06-14,Länsförsäkringar,3_man,3 månader,3.99,https://www.finansportalen.se/bolan/
39,2026-06-14T09:48:23.478904,2026-06-14,SBAB,1_ar,1 år,3.47,https://www.finansportalen.se/bolan/
40,2026-06-14T09:48:23.480097,2026-06-14,SBAB,2_ar,2 år,3.64,https://www.finansportalen.se/bolan/
38,2026-06-14T09:48:23.477779,2026-06-14,SBAB,3_man,3 månader,3.15,https://www.finansportalen.se/bolan/
60,2026-06-14T09:48:23.504357,2026-06-14,SEB,1_ar,1 år,3.54,https://www.finansportalen.se/bolan/
61,2026-06-14T09:48:23.505608,2026-06-14,SEB,2_ar,2 år,3.69,https://www.finansportalen.se/bolan/
59,2026-06-14T09:48:23.503135,2026-06-14,SEB,3_man,3 månader,3.94,https://www.finansportalen.se/bolan/
30,2026-06-14T09:48:23.489587,2026-06-14,Skandia,1_ar,1 år,3.83,https://www.finansportalen.se/bolan/
31,2026-06-14T09:48:23.490810,2026-06-14,Skandia,2_ar,2 år,4.02,https://www.finansportalen.se/bolan/
32,2026-06-14T09:48:20.588166,2026-06-14,Skandia,3_ar,3 år,3.42,https://www.compricer.se/bolan/
29,2026-06-14T09:48:23.488404,2026-06-14,Skandia,3_man,3 månader,3.55,https://www.finansportalen.se/bolan/
33,2026-06-14T09:48:20.589326,2026-06-14,Skandia,5_ar,5 år,3.64,https://www.compricer.se/bolan/
8,2026-06-14T09:48:23.475230,2026-06-14,Stabelo,1_ar,1 år,3.03,https://www.finansportalen.se/bolan/
9,2026-06-14T09:48:23.476634,2026-06-14,Stabelo,2_ar,2 år,3.22,https://www.finansportalen.se/bolan/
10,2026-06-14T09:48:20.561917,2026-06-14,Stabelo,3_ar,3 år,3.34,https://www.compricer.se/bolan/
7,2026-06-14T09:48:23.472981,2026-06-14,Stabelo,3_man,3 månader,2.66,https://www.finansportalen.se/bolan/
11,2026-06-14T09:48:20.563115,2026-06-14,Stabelo,5_ar,5 år,3.49,https://www.compricer.se/bolan/
13,2026-06-14T09:48:23.496898,2026-06-14,Swedbank,1_ar,1 år,3.49,https://www.finansportalen.se/bolan/
14,2026-06-14T09:48:23.498216,2026-06-14,Swedbank,2_ar,2 år,3.64,https://www.finansportalen.se/bolan/
15,2026-06-14T09:48:20.567792,2026-06-14,Swedbank,3_ar,3 år,3.09,https://www.compricer.se/bolan/
12,2026-06-14T09:48:23.495641,2026-06-14,Swedbank,3_man,3 månader,3.89,https://www.finansportalen.se/bolan/
16,2026-06-14T09:48:20.568921,2026-06-14,Swedbank,5_ar,5 år,3.48,https://www.compricer.se/bolan/
3,2026-06-13T19:46:51.866568,2026-06-13,Handelsbanken,5_ar,5 år,3.6,https://www.compricer.se/bolan/
2,2026-06-13T19:46:51.865344,2026-06-13,Skandia,3_man,3 månader,2.64,https://www.compricer.se/bolan/
1,2026-06-13T19:46:51.862835,2026-06-13,Stabelo,3_man,3 månader,2.75,https://www.compricer.se/bolan/
